{"cameraMode":{"drawMode":0,"name":"Shaded","section":"Shading Mode"},"sceneLighting":false,"audioPlay":false,"sceneViewState":{"m_AlwaysRefresh":false,"showFog":true,"showSkybox":true,"showFlares":true,"showImageEffects":true,"showParticleSystems":true,"showVisualEffectGraphs":true,"m_FxEnabled":true},"in2DMode":false,"pivot":{"x":163.85118103027345,"y":354.6232604980469,"z":137.7509765625},"rotation":{"x":0.03899141028523445,"y":0.000295833102427423,"z":-0.000023228243662742898,"w":0.9992535710334778},"size":284.91729736328127,"orthographic":false}